{"cameraMode":{"drawMode":0,"name":"Shaded","section":"Shading Mode"},"sceneLighting":false,"audioPlay":false,"sceneViewState":{"showFog":true,"showMaterialUpdate":false,"showSkybox":true,"showFlares":true,"showImageEffects":true,"showParticleSystems":true},"in2DMode":false,"pivot":{"x":-4.0,"y":-26.700000762939454,"z":5.099999904632568},"rotation":{"x":0.40710780024528506,"y":0.020548289641737939,"z":-0.009161467663943768,"w":0.9131034016609192},"size":4.259723663330078,"orthographic":true}