{"cameraMode":{"drawMode":0,"name":"Shaded","section":"Shading Mode"},"sceneLighting":false,"audioPlay":false,"sceneViewState":{"showFog":true,"showMaterialUpdate":false,"showSkybox":true,"showFlares":true,"showImageEffects":true,"showParticleSystems":true},"in2DMode":false,"pivot":{"x":0.21865415573120118,"y":-0.0006597528699785471,"z":-0.4791850447654724},"rotation":{"x":0.40710780024528506,"y":0.020548289641737939,"z":-0.009161467663943768,"w":0.9131034016609192},"size":4.370974063873291,"orthographic":true}