{"cameraMode":{"drawMode":0,"name":"Shaded","section":"Shading Mode"},"sceneLighting":false,"audioPlay":false,"sceneViewState":{"showFog":true,"showMaterialUpdate":false,"showSkybox":true,"showFlares":true,"showImageEffects":true,"showParticleSystems":true},"in2DMode":false,"pivot":{"x":1.000000238418579,"y":1.0,"z":1.0000003576278687},"rotation":{"x":0.6090348958969116,"y":-0.009517093189060688,"z":0.007308766711503267,"w":0.7930530309677124},"size":2.8578836917877199,"orthographic":false}