{"cameraMode":{"drawMode":0,"name":"Shaded","section":"Shading Mode"},"sceneLighting":true,"audioPlay":false,"sceneViewState":{"showFog":true,"showMaterialUpdate":false,"showSkybox":true,"showFlares":true,"showImageEffects":true,"showParticleSystems":true},"in2DMode":false,"pivot":{"x":0.6374545693397522,"y":-2.294567584991455,"z":2.389254570007324},"rotation":{"x":-0.41853436827659609,"y":0.04138762131333351,"z":-0.019097276031970979,"w":-0.9070580005645752},"size":10.969222068786621,"orthographic":false}