{"cameraMode":{"drawMode":0,"name":"Shaded","section":"Shading Mode"},"sceneLighting":false,"audioPlay":false,"sceneViewState":{"showFog":true,"showMaterialUpdate":false,"showSkybox":true,"showFlares":true,"showImageEffects":true,"showParticleSystems":true},"in2DMode":false,"pivot":{"x":0.0,"y":0.11319005489349365,"z":-0.0014225021004676819},"rotation":{"x":-0.2452583611011505,"y":0.013666162267327309,"z":-0.0034575823228806259,"w":-0.9693595767021179},"size":4.8353142738342289,"orthographic":false}