{"cameraMode":{"drawMode":0,"name":"Shaded","section":"Shading Mode"},"sceneLighting":false,"audioPlay":false,"sceneViewState":{"showFog":true,"showMaterialUpdate":false,"showSkybox":true,"showFlares":true,"showImageEffects":true,"showParticleSystems":true},"in2DMode":false,"pivot":{"x":-1.8735942840576172,"y":-1.6540905237197877,"z":1.1765211820602418},"rotation":{"x":-0.18170654773712159,"y":0.8173088431358337,"z":-0.3638213872909546,"w":-0.40819647908210757},"size":25.847623825073243,"orthographic":false}