{"cameraMode":{"drawMode":0,"name":"Shaded","section":"Shading Mode"},"sceneLighting":false,"audioPlay":false,"sceneViewState":{"showFog":true,"showMaterialUpdate":false,"showSkybox":true,"showFlares":true,"showImageEffects":true,"showParticleSystems":true},"in2DMode":false,"pivot":{"x":1.000000238418579,"y":1.0,"z":1.0000003576278687},"rotation":{"x":0.0360625684261322,"y":0.8446139693260193,"z":-0.5310726165771484,"w":0.057353559881448749},"size":2.8578836917877199,"orthographic":false}