{"cameraMode":{"drawMode":0,"name":"Shaded","section":"Shading Mode"},"sceneLighting":false,"audioPlay":false,"sceneViewState":{"showFog":true,"showMaterialUpdate":false,"showSkybox":true,"showFlares":true,"showImageEffects":true,"showParticleSystems":true},"in2DMode":false,"pivot":{"x":-1.5099990367889405,"y":0.7500515580177307,"z":-0.45999932289123537},"rotation":{"x":0.36291804909706118,"y":0.0013977293856441975,"z":-0.0005443739937618375,"w":0.9318197965621948},"size":6.496090888977051,"orthographic":false}