{"cameraMode":{"drawMode":0,"name":"Shaded","section":"Shading Mode"},"sceneLighting":true,"audioPlay":false,"sceneViewState":{"showFog":true,"showMaterialUpdate":false,"showSkybox":true,"showFlares":true,"showImageEffects":true,"showParticleSystems":true},"in2DMode":false,"pivot":{"x":0.02051687240600586,"y":-0.9856104850769043,"z":-2.878261089324951},"rotation":{"x":-0.027133433148264886,"y":0.9721968173980713,"z":-0.181745246052742,"w":-0.14514261484146119},"size":12.064131736755371,"orthographic":false}